,emb_0,emb_1,emb_2
SC1,0.7807852,1.7915399,0.66858196
TZL,2.8659754,3.3899524,2.6189723
HER,2.9742067,4.9200225,3.692889
BST,13.229109,9.300174,11.824862
PRD,4.522323,7.3429465,5.6981487
M1,11.614744,8.733647,10.798744
M2,11.263114,8.702209,10.526775
M3,3.966308,6.280615,5.093571
M4,3.5003567,5.609697,4.4549236
